"tconst","parentTconst","primaryTitle","seasonNumber","episodeNumber","startYear","averageRating","numVotes"
"tt0214950","tt0118401","Blood Will Out","2","4","1999","7.4","1248"
"tt0307058","tt0118401","The Killings at Badger's Drift","1","1","1997","8.2","2551"
"tt0339442","tt0362357","The Chinese Job","1","0","2003","8.3","603"
"tt0394783","tt0118401","Birds of Prey","6","5","2003","7.4","955"
"tt0394784","tt0118401","Dark Autumn","4","5","2001","7.5","1125"
"tt0394785","tt0118401","Death in Disguise","1","5","1998","7.2","1389"
"tt0394786","tt0118401","Death of a Stranger","3","1","1999","7.5","1187"
"tt0611633","tt0092379","Absolute Conviction","6","4","1992","7.7","828"
"tt0611634","tt0092379","Cherubim & Seraphim","6","5","1992","7.3","854"
"tt0611635","tt0092379","Dead on Time","6","1","1992","8.3","977"
"tt0611636","tt0092379","Deadly Slumber","7","1","1993","8.5","893"
"tt0611637","tt0092379","Death Is Now My Neighbour","8","3","1997","8.2","850"
"tt0611638","tt0092379","Deceived by Flight","3","3","1989","7.8","922"
"tt0611639","tt0092379","Driven to Distraction","4","3","1990","8.2","961"
"tt0611640","tt0092379","Fat Chance","5","2","1991","7.2","842"
"tt0611641","tt0092379","Ghost in the Machine","3","1","1989","7.9","986"
"tt0611642","tt0092379","Greeks Bearing Gifts","5","4","1991","7.5","776"
"tt0611643","tt0092379","Happy Families","6","2","1992","7.7","888"
"tt0611644","tt0092379","Last Bus to Woodstock","2","4","1988","7.7","984"
"tt0611645","tt0092379","Last Seen Wearing","2","2","1988","7.7","1043"
"tt0611646","tt0092379","Masonic Mysteries","4","4","1990","8.3","1118"
"tt0611647","tt0092379","Promised Land","5","5","1991","8.0","858"
"tt0611648","tt0092379","Second Time Around","5","1","1991","8.4","972"
"tt0611649","tt0092379","Service of All the Dead","1","3","1987","7.0","1138"
"tt0611650","tt0092379","The Daughters of Cain","8","2","1996","7.9","834"
"tt0611651","tt0092379","The Day of the Devil","7","2","1993","7.7","810"
"tt0611652","tt0092379","The Dead of Jericho","1","1","1987","7.5","1386"
"tt0611653","tt0092379","The Death of the Self","6","3","1992","7.9","961"
"tt0611654","tt0092379","The Infernal Serpent","4","1","1990","7.8","979"
"tt0611655","tt0092379","The Last Enemy","3","2","1989","7.5","885"
"tt0611656","tt0092379","The Remorseful Day","8","5","2000","8.8","1054"
"tt0611657","tt0092379","The Secret of Bay 5B","3","4","1989","7.4","822"
"tt0611658","tt0092379","The Settling of the Sun","2","3","1988","6.6","1032"
"tt0611659","tt0092379","The Silent World of Nicholas Quinn","1","2","1987","7.6","1163"
"tt0611660","tt0092379","The Sins of the Fathers","4","2","1990","7.7","878"
"tt0611661","tt0092379","The Way Through the Woods","8","1","1995","8.3","919"
"tt0611662","tt0092379","The Wench Is Dead","8","4","1998","8.1","879"
"tt0611663","tt0092379","The Wolvercote Tongue","2","1","1987","7.5","1051"
"tt0611664","tt0092379","Twilight of the Gods","7","3","1993","7.6","819"
"tt0611665","tt0092379","Who Killed Harry Field?","5","3","1991","7.6","848"
"tt0647469","tt0118401","A Tale of Two Hamlets","6","4","2003","7.3","1015"
"tt0647470","tt0118401","A Talent for Life","6","1","2003","7.6","1082"
"tt0647471","tt0118401","A Worm in the Bud","5","2","2002","7.4","1032"
"tt0647472","tt0118401","Bad Tidings","7","2","2004","7.5","991"
"tt0647473","tt0118401","Bantling Boy","8","4","2005","7.4","902"
"tt0647474","tt0118401","Beyond the Grave","3","4","2000","7.5","1152"
"tt0647477","tt0118401","Blue Herrings","3","2","2000","7.5","1229"
"tt0647479","tt0118401","Dead Letters","9","2","2006","7.6","996"
"tt0647480","tt0118401","Dead Man's Eleven","2","3","1999","7.9","1386"
"tt0647481","tt0118401","Dead in the Water","8","2","2004","7.5","973"
"tt0647482","tt0118401","Death and Dreams","6","2","2003","7.7","1184"
"tt0647484","tt0118401","Death of a Hollow Man","1","3","1998","7.3","1592"
"tt0647486","tt0118401","Death's Shadow","2","1","1999","8.2","1560"
"tt0647487","tt0118401","Destroying Angel","4","2","2001","7.9","1254"
"tt0647488","tt0118401","Down Among the Dead Men","9","4","2006","7.8","966"
"tt0647489","tt0118401","Faithful unto Death","1","4","1998","7.5","1442"
"tt0647490","tt0118401","Garden of Death","4","1","2000","7.6","1254"
"tt0647491","tt0118401","Ghosts of Christmas Past","7","7","2004","8.3","1280"
"tt0647492","tt0118401","Hidden Depths","8","6","2005","8.1","1067"
"tt0647493","tt0118401","Judgement Day","3","3","2000","8.2","1534"
"tt0647494","tt0118401","Market for Murder","5","1","2002","7.8","1165"
"tt0647495","tt0118401","Midsomer Rhapsody","8","8","2005","7.4","978"
"tt0647496","tt0118401","Murder on St. Malley's Day","5","4","2002","7.6","1106"
"tt0647497","tt0118401","Orchis Fatalis","8","3","2005","7.6","964"
"tt0647498","tt0118401","Painted in Blood","6","3","2003","8.1","1139"
"tt0647499","tt0118401","Ring Out Your Dead","5","3","2002","7.8","1225"
"tt0647500","tt0118401","Sauce for the Goose","8","7","2005","7.6","916"
"tt0647501","tt0118401","Second Sight","8","5","2005","7.0","992"
"tt0647502","tt0118401","Sins of Commission","7","4","2004","7.5","1017"
"tt0647503","tt0118401","Strangler's Wood","2","2","1999","7.9","1421"
"tt0647504","tt0118401","Tainted Fruit","4","6","2001","7.6","1108"
"tt0647505","tt0118401","The Electric Vendetta","4","3","2001","7.2","1151"
"tt0647506","tt0118401","The Fisher King","7","3","2004","7.3","1049"
"tt0647507","tt0118401","The Green Man","7","1","2003","8.1","1268"
"tt0647508","tt0118401","The House in the Woods","9","1","2005","8.0","1141"
"tt0647510","tt0118401","The Maid in Splendour","7","5","2004","7.6","989"
"tt0647511","tt0118401","The Straw Woman","7","6","2004","7.1","1062"
"tt0647512","tt0118401","Things That Go Bump in the Night","8","1","2004","7.3","930"
"tt0647513","tt0118401","Vixen's Run","9","3","2006","8.1","1052"
"tt0647514","tt0118401","Who Killed Cock Robin?","4","4","2001","7.1","1061"
"tt0647515","tt0118401","Written in Blood","1","2","1998","7.8","1849"
"tt0659726","tt0362357","ID Parade","1","1","2004","7.7","373"
"tt0659727","tt0362357","Painting on Loan","1","2","2004","7.7","362"
"tt0659728","tt0362357","1984","1","3","2004","7.4","329"
"tt0659729","tt0362357","Good Work Rewarded","1","4","2004","8.0","323"
"tt0659730","tt0362357","Home Truths","1","5","2004","7.8","306"
"tt0659731","tt0362357","Talking to the Dead","1","6","2004","7.4","306"
"tt0659732","tt0362357","A Delicate Touch","2","1","2005","7.9","358"
"tt0659733","tt0362357","Family Business","2","2","2005","7.8","334"
"tt0659734","tt0362357","Trust Me","2","3","2005","8.0","320"
"tt0659735","tt0362357","Old and Cold","2","4","2005","7.8","287"
"tt0659736","tt0362357","Creative Problem Solving","2","5","2005","7.7","246"
"tt0659737","tt0362357","Eyes Down for a Full House","2","6","2005","7.8","299"
"tt0659738","tt0362357","Fluke of Luck","2","7","2005","7.5","244"
"tt0659739","tt0362357","17 Years of Nothing","2","8","2005","8.2","321"
"tt0756939","tt0118401","Four Funerals and a Wedding","9","5","2006","7.2","941"
"tt0786179","tt0118401","Country Matters","9","6","2006","7.8","1045"
"tt0786180","tt0118401","Death in Chorus","9","7","2006","7.6","962"
"tt0786181","tt0118401","Last Year's Model","9","8","2006","8.1","1080"
"tt0790211","tt0362357","Lady's Pleasure","3","1","2006","7.9","272"
"tt0793209","tt0362357","Dockers","3","2","2006","7.7","315"
"tt0796136","tt0362357","Old Dogs","3","3","2006","7.9","287"
"tt0800467","tt0362357","Bank Robbery","3","6","2006","7.9","300"
"tt0800468","tt0362357","Wicca Work","3","5","2006","7.2","327"
"tt0812828","tt0362357","Diamond Geezers","3","4","2006","8.1","310"
"tt0818411","tt0362357","Ice Cream Wars","3","7","2006","7.9","299"
"tt0822612","tt0362357","Congratulations","3","8","2006","8.3","317"
"tt0837686","tt0118401","Dance with the Dead","10","1","2006","7.3","924"
"tt0837687","tt0118401","Death and Dust","10","5","2007","7.6","893"
"tt0844581","tt0118401","King's Crystal","10","3","2007","7.3","972"
"tt0863859","tt0118401","The Axeman Cometh","10","4","2007","7.5","1081"
"tt0868397","tt0118401","The Animal Within","10","2","2007","7.8","1075"
"tt0908628","tt0118401","Picture of Innocence","10","6","2007","7.7","967"
"tt0921508","tt0118401","Death in a Chocolate Box","10","8","2007","7.5","823"
"tt0961800","tt0118401","They Seek Him Here","10","7","2007","7.2","826"
"tt0998781","tt0362357","Casualty","4","1","2007","8.4","338"
"tt1005514","tt0362357","God's Waiting Room","4","2","2007","8.2","325"
"tt10097552","tt0118401","The Point of Balance","21","1","2019","7.1","761"
"tt1013230","tt0362357","Ducking and Diving","4","3","2007","7.9","296"
"tt1018539","tt0362357","Nine Lives","4","4","2007","7.9","251"
"tt1022790","tt0362357","Powerhouse","4","5","2007","8.1","304"
"tt1025982","tt0362357","Buried Treasure","4","6","2007","8.1","289"
"tt1031828","tt0362357","Father's Pride","4","7","2007","7.6","229"
"tt1035029","tt0362357","Big Topped","4","8","2007","7.7","281"
"tt10404774","tt0118401","The Miniature Murders","21","2","2019","7.5","718"
"tt10404780","tt0118401","With Baited Breath","21","4","2019","7.2","636"
"tt10661964","tt0118401","The Sting of Death","21","3","2019","7.1","669"
"tt10814984","tt2701582","Striker","8","1","2021","7.6","1169"
"tt10911838","tt10720914","The Fall of the House of Crockett","1","1","2020","7.5","948"
"tt10911840","tt10720914","A Wilderness of Mirrors","1","2","2020","7.5","800"
"tt10946434","tt7526498","How the Rogue Roar'd","3","1","2020","7.3","317"
"tt10946440","tt7526498","A Serpent's Tooth","3","4","2020","7.0","275"
"tt10946480","tt7526498","The Sticking Place","3","3","2020","7.6","297"
"tt10946482","tt7526498","Reputation, Reputation, Reputation!","3","6","2020","7.2","272"
"tt10959678","tt2215842","The Celestial Choir","8","1","2020","7.7","448"
"tt10959682","tt2215842","The Menace of Mephistopheles","9","1","2022","7.6","445"
"tt10959694","tt2215842","The Tower of Lost Souls","8","10","2020","8.6","483"
"tt10959696","tt2215842","The Red Death","9","10","2022","8.0","377"
"tt10959700","tt7526498","See Thyself, Devil!","3","2","2020","7.0","299"
"tt10959702","tt7526498","Thy Fury Spent","3","5","2020","6.8","291"
"tt1106214","tt0118401","Blood Wedding","11","2","2008","7.9","991"
"tt1106669","tt0118401","Shot at Dawn","11","1","2008","7.4","978"
"tt1108395","tt0118401","Left for Dead","11","3","2008","7.5","919"
"tt11086884","tt2215842","The Enigma of Antigonish","9","9","2022","7.3","327"
"tt11086894","tt2215842","The River Corrupted","8","7","2020","7.6","346"
"tt11086898","tt2215842","The Curse of the Aesthetic","8","8","2020","7.5","361"
"tt11086900","tt2215842","The Fall of the House of St Gardner","8","9","2020","7.3","340"
"tt11133128","tt1888075","Episode 2","9","2","2020","7.3","539"
"tt11133130","tt1888075","Episode 3","9","3","2020","7.2","521"
"tt11133138","tt1888075","Episode 4","9","4","2020","7.6","555"
"tt11133140","tt1888075","Episode 5","9","5","2020","7.5","571"
"tt11133142","tt1888075","Episode 6","9","6","2020","7.3","525"
"tt11133144","tt1888075","Episode 7","9","7","2020","7.1","519"
"tt11133146","tt1888075","Episode 8","9","8","2020","7.3","501"
"tt11205148","tt2215842","The Folly of Jephthah","8","5","2020","7.8","389"
"tt1128925","tt0118401","Midsomer Life","11","4","2008","7.4","857"
"tt11327812","tt2701582","Raga","7","2","2020","7.7","1080"
"tt11328914","tt2701582","Zenana","7","3","2020","8.3","1290"
"tt11379624","tt2396135","Episode #6.1","6","1","2021","8.0","752"
"tt11379626","tt2396135","Episode #6.6","6","6","2021","7.9","531"
"tt11379632","tt2396135","Episode #7.1","7","1","2022","7.9","609"
"tt11379634","tt2396135","Episode #7.6","7","6","2022","7.9","559"
"tt11379636","tt2396135","Episode #6.2","6","2","2021","7.8","566"
"tt11379638","tt2396135","Episode #6.3","6","3","2021","7.8","547"
"tt11379640","tt2396135","Episode #6.5","6","5","2021","7.9","482"
"tt11379674","tt2396135","Episode #6.4","6","4","2021","7.9","517"
"tt11439948","tt2215842","The Queen Bee","8","2","2020","7.4","398"
"tt11439952","tt2215842","The Scales of Justice","8","3","2020","7.7","388"
"tt11439960","tt2215842","The Wisdom of the Fool","8","4","2020","6.8","417"
"tt11439982","tt2215842","The Numbers of the Beast","8","6","2020","7.4","366"
"tt11669492","tt7526498","Best Beware My Sting","3","7","2020","7.3","264"
"tt11669494","tt7526498","All That Glisters","3","8","2020","7.6","267"
"tt11669496","tt7526498","O Thou Invisible Spirit of Wine","3","9","2020","6.5","364"
"tt11669498","tt7526498","Teach Me, Dear Creature","3","10","2020","7.9","297"
"tt1204598","tt0362357","A Face for Radio","5","3","2008","7.5","249"
"tt1204599","tt0362357","Communal Living","5","7","2008","7.5","243"
"tt1204600","tt0362357","Mad Dogs","5","8","2008","7.9","244"
"tt1204601","tt0362357","Spare Parts","5","1","2008","7.5","248"
"tt12088576","tt7526498","If It Be Man's Work","4","1","2022","7.2","291"
"tt12107846","tt7526498","If Music Be the Food of Love","4","2","2022","7.6","275"
"tt12107858","tt7526498","Too Much of Water","4","3","2022","7.4","245"
"tt12107928","tt7526498","Most Wicked Speed","4","4","2022","7.2","262"
"tt12107936","tt7526498","Hunger for Bread","4","5","2022","7.3","247"
"tt12107968","tt7526498","Die We Must","4","6","2022","7.5","246"
"tt12107970","tt7526498","Some Cupid Kills","4","7","2022","7.1","219"
"tt12107972","tt7526498","And Rarest Parts","4","8","2022","7.6","239"
"tt12107978","tt7526498","Time Decays","4","9","2022","7.9","227"
"tt12107982","tt7526498","I No More Desire a Rose","4","10","2022","7.2","204"
"tt1233060","tt0118401","Days of Misrule","11","6","2008","7.2","809"
"tt1233061","tt0118401","Talking to the Dead","11","7","2008","7.5","871"
"tt1233062","tt0118401","The Magician's Nephew","11","5","2008","7.0","844"
"tt1259449","tt0362357","Final Curtain","5","2","2008","7.5","238"
"tt1265460","tt0362357","Loyalties and Royalties","5","4","2008","7.8","248"
"tt1273116","tt0362357","Couldn't Organise One","5","5","2008","7.6","241"
"tt1275061","tt0820430","Bubbles","","","","",""
"tt1275062","tt0820430","Glue","","","","",""
"tt1275063","tt0820430","Hiccups","","","","",""
"tt1275064","tt0820430","Kites","","","","",""
"tt1275065","tt0820430","Sculptor","","","","",""
"tt1275066","tt0820430","Skating","","","","",""
"tt1275067","tt0820430","Tennis","","","","",""
"tt1275068","tt0820430","The Arrival","1","1","","",""
"tt1275069","tt0820430","The Ball","","","","",""
"tt1275070","tt0820430","The Bell","","","","",""
"tt1275071","tt0820430","The Coin","","","","",""
"tt1275072","tt0820430","The Hooter","","","","",""
"tt1275073","tt0820430","The Swing","","","","",""
"tt1275074","tt0820430","Umbrellas","","","","",""
"tt1276328","tt0362357","Magic Majestic","5","6","2008","7.3","245"
"tt12887528","tt10720914","The Man Who Wasn't There","2","1","2021","7.5","784"
"tt12900826","tt10720914","We Need to Talk About Doreen","2","2","2021","7.3","634"
"tt12900828","tt10720914","The War of Rose","2","3","2021","7.3","553"
"tt13231624","tt0118401","The Wolf Hunter of Little Worthy","22","1","2021","6.6","870"
"tt13309328","tt11981644","The Anatomy of a Memory","1","1","2021","7.3","671"
"tt13309330","tt11981644","A Fish Called Walter","1","2","2021","7.3","551"
"tt13309332","tt11981644","Tiger Tiger","1","3","2021","7.6","503"
"tt13309336","tt11981644","Mother Love","1","4","2021","7.3","458"
"tt13309338","tt11981644","Sophie Knows","1","5","2021","7.6","464"
"tt13309340","tt11981644","The Dutiful Child","1","6","2021","7.4","433"
"tt13463260","tt0118401","The Stitcher Society","22","2","2021","7.3","706"
"tt13666312","tt0118401","Happy Families","22","3","2021","7.9","874"
"tt13673574","tt1888075","Episode 2","10","2","2021","7.2","517"
"tt13713142","tt1888075","Episode 3","10","3","2021","7.5","526"
"tt13854468","tt1888075","Episode 4","10","4","2021","7.7","514"
"tt13900856","tt1888075","Episode 5","10","5","2021","7.9","561"
"tt13944944","tt1888075","Episode 6","10","6","2021","8.1","630"
"tt13981460","tt1888075","Episode 8","10","8","2021","7.6","477"
"tt13983538","tt1888075","Episode 7","10","7","2021","7.6","488"
"tt14224476","tt0118401","Scarecrow Murders","22","4","2021","7.3","663"
"tt14224482","tt0118401","For Death Prepare","22","5","2021","7.3","685"
"tt14224488","tt0118401","The Witches Of Angel's Rise","22","6","2021","6.6","585"
"tt14469692","tt1888075","Episode 1","11","1","2022","7.3","541"
"tt1447349","tt0118401","Secrets and Spies","12","3","2009","7.6","930"
"tt1447350","tt0118401","Small Mercies","12","5","2009","7.7","929"
"tt1447351","tt0118401","The Black Book","12","2","2009","7.9","936"
"tt1447352","tt0118401","The Creeper","12","6","2009","7.9","943"
"tt1447353","tt0118401","The Dogleg Murders","12","1","2009","7.4","863"
"tt1447354","tt0118401","The Glitch","12","4","2009","7.3","819"
"tt1447355","tt0118401","The Great and the Good","12","7","2009","7.7","886"
"tt1462262","tt0118401","The Made-to-Measure Murders","13","2","2010","7.2","906"
"tt1469103","tt0362357","The War Against Drugs","6","1","2009","8.2","253"
"tt14700520","tt10720914","Belvedere","3","1","2022","7.9","662"
"tt14700522","tt10720914","A Billion Beats","3","2","2022","7.5","527"
"tt14700526","tt10720914","Clouds Across the Moon","3","4","2022","8.0","540"
"tt1478652","tt0362357","The Truth Is Out There","6","2","2009","7.5","279"
"tt1482683","tt0362357","Fresh Starts","6","3","2009","7.7","243"
"tt1484475","tt0118401","The Sword of Guillaume","13","1","2010","7.6","983"
"tt1486378","tt0362357","Shadow Show","6","4","2009","7.5","241"
"tt1487543","tt0362357","Death of a Timeshare Salesman","6","5","2009","7.8","231"
"tt1490277","tt0362357","The Last Laugh","6","6","2009","8.4","265"
"tt1493517","tt0362357","Blood Is Thicker Than Water","6","7","2009","7.6","216"
"tt14971006","tt2701582","Scherzo","8","2","2021","7.8","996"
"tt14971020","tt2701582","Terminus","8","3","2021","7.6","1268"
"tt1498691","tt0362357","Meat Is Murder","6","8","2009","8.2","240"
"tt1505615","tt0118401","Blood on the Saddle","13","3","2010","6.3","968"
"tt15259892","tt2215842","The Viper's Tongue","9","2","2022","7.6","392"
"tt15259902","tt2215842","The Requiem for the Dead","9","3","2022","7.8","375"
"tt15510584","tt15499118","Episode #1.1","1","1","2021","7.2","305"
"tt15510620","tt15499118","Episode #1.2","1","2","2021","7.4","279"
"tt15510626","tt15499118","Episode #1.3","1","3","2021","7.3","255"
"tt15510642","tt15499118","Episode #1.4","1","4","2021","7.1","237"
"tt15510656","tt15499118","Episode #1.5","1","5","2021","7.2","218"
"tt15510658","tt15499118","Episode #1.6","1","6","2021","7.0","243"
"tt1562525","tt0118401","The Silent Land","13","4","2010","7.3","885"
"tt15826090","tt11981644","Ring of Fire","2","1","2022","7.4","392"
"tt15826092","tt11981644","Swansong","2","6","2022","7.9","348"
"tt16280328","tt1888075","Christmas Special","11","0","2021","7.9","691"
"tt16420444","tt2215842","The Children of Kalon","9","4","2022","6.9","357"
"tt16420448","tt2215842","The Final Devotion","9","5","2022","8.2","421"
"tt16444898","tt2215842","The New Order","9","6","2022","7.5","381"
"tt16444904","tt2215842","The Island of Dreams","9","7","2022","6.5","388"
"tt16444906","tt2215842","The Wayward Girls","9","8","2022","7.3","358"
"tt1644808","tt0118401","Master Class","13","5","2010","7.8","1019"
"tt17045026","tt1888075","Episode 3","11","3","2022","7.5","496"
"tt17049396","tt1888075","Episode 2","11","2","2022","7.2","474"
"tt1713787","tt0118401","Dark Secrets","14","2","2011","7.8","989"
"tt1722080","tt0118401","Echoes of the Dead","14","3","2011","7.2","921"
"tt1722764","tt0118401","Death in the Slow Lane","14","1","2011","7.3","988"
"tt1724376","tt0362357","Dead Man Talking","7","1","2010","7.7","240"
"tt1724377","tt0362357","It Smells of Books","7","2","2010","8.0","247"
"tt1724378","tt0362357","Left Field","7","3","2010","7.6","241"
"tt1736165","tt0362357","Dark Chocolate","7","4","2010","7.7","234"
"tt1736166","tt0362357","Good Morning Lemmings","7","5","2010","7.4","233"
"tt1737508","tt0118401","The Noble Art","13","6","2010","7.2","836"
"tt1741393","tt0362357","Fashion Victim","7","6","2010","7.5","232"
"tt1751226","tt0362357","Coming Out Ball","7","8","2010","7.5","229"
"tt1751228","tt0362357","Where There's Smoke","7","7","2010","7.7","218"
"tt17545430","tt1888075","Episode 4","11","4","2022","7.3","481"
"tt1755733","tt0362357","Gloves Off","7","9","2010","7.7","227"
"tt1762889","tt0362357","The Fourth Man","7","10","2010","8.3","252"
"tt17639708","tt1888075","Episode 5","11","5","2022","7.2","473"
"tt17720426","tt1888075","Episode 6","11","6","2022","7.1","469"
"tt1782851","tt0118401","The Oblong Murders","14","4","2011","7.7","885"
"tt1809849","tt0118401","Not in My Back Yard","13","7","2011","7.3","783"
"tt1822669","tt0118401","Fit for Murder","13","8","2011","7.7","892"
"tt18236156","tt1888075","Episode 7","11","7","2022","6.9","461"
"tt18236162","tt1888075","Episode 8","11","8","2022","7.5","458"
"tt1891300","tt0118401","The Sleeper Under the Hill","14","5","2011","7.2","773"
"tt1930763","tt1888075","Episode 4","1","4","2011","7.6","844"
"tt1934589","tt1888075","Episode 2","1","2","2011","7.7","932"
"tt19365332","tt11981644","The Trial","2","5","2022","7.8","320"
"tt1947252","tt0118401","The Night of the Stag","14","6","2011","6.4","879"
"tt1978959","tt0362357","Old Fossils","8","1","2011","7.6","242"
"tt1979863","tt0118401","A Rare Bird","14","8","2012","7.3","752"
"tt1984429","tt1888075","Episode 7","1","7","2011","7.4","785"
"tt1984430","tt1888075","Episode 8","1","8","2011","7.8","757"
"tt1985543","tt0362357","End of the Line","8","2","2011","7.8","237"
"tt1994944","tt1988386","Death at Victoria Dock","1","4","2012","7.4","579"
"tt1995816","tt0118401","A Sacred Trust","14","7","2011","7.7","818"
"tt1996599","tt1888075","Episode 6","1","6","2011","7.4","838"
"tt1996820","tt0362357","Lost in Translation","8","3","2011","7.5","210"
"tt1996821","tt0362357","Setting Out Your Stall","8","4","2011","7.7","213"
"tt1999681","tt0362357","Moving Target","8","5","2011","7.7","218"
"tt1999682","tt0362357","Object of Desire","8","6","2011","7.7","206"
"tt2011712","tt1988386","Cocaine Blues","1","1","2012","7.5","856"
"tt2015047","tt0362357","The Gentleman Vanishes","8","7","2011","8.2","241"
"tt20199710","tt11981644","The Mask Murders","2","2","2022","7.6","354"
"tt20199716","tt11981644","The Family","2","3","2022","7.4","356"
"tt20199720","tt11981644","DNA of a Murderer","2","4","2022","7.4","324"
"tt2024065","tt0362357","Only the Brave","8","8","2011","7.7","210"
"tt2024658","tt1888075","Episode 1","1","1","2011","7.8","1205"
"tt2025092","tt0362357","Half Life","8","9","2011","7.6","199"
"tt2027494","tt1888075","Episode 3","1","3","2011","7.9","904"
"tt2027495","tt1888075","Episode 5","1","5","2011","7.8","864"
"tt2036067","tt0362357","Tiger Tiger","8","10","2011","7.8","211"
"tt2039333","tt2701582","Pilot","1","0","2012","8.4","5125"
"tt20672510","tt1888075","Episode 1","12","1","2023","7.3","496"
"tt20860974","tt2701582","Prelude","9","1","2023","8.1","982"
"tt2094462","tt0118401","The Dark Rider","15","1","2012","7.5","876"
"tt2118299","tt0118401","Murder of Innocence","15","2","2012","7.6","799"
"tt2128043","tt0362357","A Death in the Family","9","1","2012","8.5","350"
"tt2128044","tt0362357","Glasgow UCOS","9","10","2012","8.0","242"
"tt2128045","tt0362357","Old School Ties","9","2","2012","7.5","250"
"tt2128046","tt0362357","Queen and Country","9","3","2012","7.9","228"
"tt2128047","tt0362357","The Girl Who Lived","9","4","2012","8.0","233"
"tt2128048","tt0362357","Body of Evidence","9","5","2012","7.9","230"
"tt2128049","tt0362357","Love Means Nothing in Tennis","9","6","2012","7.7","226"
"tt2128050","tt0362357","Dead Poets","9","7","2012","7.3","209"
"tt2128051","tt0362357","Blue Flower","9","8","2012","8.0","215"
"tt2128052","tt0362357","Part of a Whole","9","9","2012","7.9","243"
"tt21413468","tt2396135","Episode #7.2","7","2","2022","7.7","512"
"tt21413528","tt2396135","Episode #8.1","8","1","2023","7.7","781"
"tt21413856","tt2396135","Episode #7.3","7","3","2022","7.9","507"
"tt21413950","tt2396135","Episode #7.4","7","4","2022","8.0","485"
"tt21413960","tt2396135","Episode #7.5","7","5","2022","7.8","466"
"tt21435798","tt2396135","Episode #8.6","8","6","2023","7.8","569"
"tt21613880","tt15499118","Christmas in Sainte Victoire","2","1","2022","7.5","229"
"tt21616578","tt2215842","The Winds of Change","10","1","2023","7.7","421"
"tt21616580","tt2215842","The Company of Men","10","2","2023","7.3","357"
"tt21616582","tt2215842","The Gardeners of Eden","10","3","2023","7.3","333"
"tt21616584","tt2215842","The Beast of Wedlock","10","4","2023","7.1","357"
"tt21616586","tt2215842","The Hidden Man","10","5","2023","7.5","315"
"tt21616588","tt2215842","The Royal Visit","10","6","2023","7.6","319"
"tt21616600","tt2215842","The Show Must Go On","10","7","2023","7.3","306"
"tt21616604","tt2215842","The Wheels of Wrath","10","9","2023","6.9","293"
"tt21616606","tt2215842","The Serpent Within","10","10","2023","7.6","306"
"tt21616640","tt2215842","The Sands of Time","10","8","2023","6.9","304"
"tt2162386","tt2396135","Red Bones: Part 1","1","1","2013","7.5","1111"
"tt2162388","tt2396135","Red Bones: Part 2","1","2","2013","7.6","970"
"tt2169253","tt1988386","Away with the Fairies","1","8","2012","7.6","524"
"tt2169255","tt1988386","Blood and Circuses","1","11","2012","7.5","486"
"tt2169257","tt1988386","Murder in Montparnasse","1","7","2012","7.5","536"
"tt2169259","tt1988386","Queen of the Flowers","1","9","2012","7.7","501"
"tt21811788","tt2701582","Uniform","9","2","2023","8.6","879"
"tt21811792","tt2701582","Exeunt","9","3","2023","9.2","1486"
"tt2209111","tt1988386","Death by Miss Adventure","1","10","2012","7.9","489"
"tt2209113","tt1988386","Murder in the Dark","1","12","2012","8.2","505"
"tt2209115","tt1988386","King Memses' Curse","1","13","2012","8.1","496"
"tt2209117","tt1988386","Murder on the Ballarat Train","1","2","2012","7.7","726"
"tt2209119","tt1988386","Raisins and Almonds","1","5","2012","7.4","551"
"tt2209121","tt1988386","Ruddy Gore","1","6","2012","7.6","542"
"tt2209123","tt1988386","The Green Mill Murder","1","3","2012","7.6","650"
"tt2224600","tt0118401","Written in the Stars","15","3","2012","7.0","769"
"tt2302792","tt2215842","The Flying Stars","1","2","2013","7.3","621"
"tt2310458","tt0118401","The Sicilian Defence","15","5","2013","7.4","802"
"tt23645630","tt15499118","Episode #2.2","2","2","2023","7.1","194"
"tt23645672","tt15499118","Episode #2.3","2","3","2023","7.1","190"
"tt23664066","tt15499118","Episode #2.4","2","4","2023","7.2","177"
"tt23664074","tt15499118","Episode #2.5","2","5","2023","6.6","188"
"tt23664080","tt15499118","Episode #2.6","2","6","2023","7.0","184"
"tt23664086","tt15499118","Episode #2.7","2","7","2023","7.6","176"
"tt2386102","tt0118401","Schooled in Murder","15","6","2013","7.5","821"
"tt2393117","tt0118401","Death and the Divas","15","4","2013","7.5","864"
"tt2433320","tt2215842","The Hammer of God","1","1","2013","7.3","796"
"tt24384666","tt0118401","The Blacktrees Prophecy","23","1","2022","6.8","666"
"tt24747628","tt10720914","The Rule of Three","4","1","2024","7.8","478"
"tt25010338","tt1888075","Episode 3","12","3","2023","7.3","442"
"tt25052272","tt0118401","The Debt of Lies","23","2","2022","7.2","547"
"tt2515692","tt2215842","The Blue Cross","1","10","2013","7.7","528"
"tt2515698","tt2215842","The Eye of Apollo","1","5","2013","7.0","544"
"tt2515700","tt2215842","The Wrong Shape","1","3","2013","7.3","600"
"tt25250998","tt1888075","Episode 2","12","2","2023","7.2","461"
"tt25252132","tt1888075","Christmas Special 2022","12","0","2022","7.5","496"
"tt2530040","tt0362357","The Rock: Part One","10","1","2013","7.9","244"
"tt2530042","tt0362357","The Rock: Part Two","10","2","2013","8.2","239"
"tt25438168","tt0118401","A Grain of Truth","23","3","2022","7.0","539"
"tt25438190","tt0118401","Dressed to Kill","23","4","2023","6.0","868"
"tt2544396","tt2215842","The Man in the Tree","1","4","2013","7.6","554"
"tt2555594","tt2215842","The Bride of Christ","1","6","2013","7.9","587"
"tt2555596","tt2215842","The Devil's Dust","1","7","2013","7.5","524"
"tt2555600","tt2215842","The Face of Death","1","8","2013","7.6","511"
"tt2555604","tt2215842","The Mayor and the Magician","1","9","2013","7.4","495"
"tt2606800","tt1888075","Episode 1","2","1","2013","7.8","801"
"tt2618926","tt1888075","Episode 4","2","4","2013","7.6","733"
"tt2623004","tt1888075","Episode 2","2","2","2013","7.6","749"
"tt2633786","tt1888075","Episode 3","2","3","2013","7.7","727"
"tt26473098","tt2396135","Episode #8.2","8","2","2023","7.7","567"
"tt26473164","tt1888075","Episode 4","12","4","2023","7.2","434"
"tt26493950","tt2396135","Episode #8.3","8","3","2023","7.7","530"
"tt26493952","tt2396135","Episode #8.4","8","4","2023","7.6","506"
"tt26493954","tt2396135","Episode #8.5","8","5","2023","7.7","483"
"tt26558327","tt1888075","Episode 6","12","6","2023","7.6","497"
"tt26558423","tt1888075","Episode 5","12","5","2023","7.1","436"
"tt2664060","tt1888075","Episode 5","2","5","2013","7.6","705"
"tt26657643","tt1888075","Episode 7","12","7","2023","8.0","536"
"tt26684225","tt1888075","Episode 8","12","8","2023","7.5","456"
"tt2679260","tt1888075","Episode 6","2","6","2013","8.0","773"
"tt26901799","tt1888075","Christmas Special","13","0","2023","7.6","491"
"tt26908981","tt1888075","Christmas Special","14","0","2024","7.2","431"
"tt26908984","tt1888075","Episode 1","13","1","2024","7.2","482"
"tt26908996","tt1888075","Episode 1","14","1","2025","7.2","352"
"tt2706680","tt1888075","Episode 7","2","7","2013","7.8","731"
"tt2716778","tt2701582","Home","1","4","2013","8.4","1463"
"tt2716780","tt2701582","Girl","1","1","2013","8.2","1775"
"tt2716790","tt2701582","Rocket","1","3","2013","8.1","1502"
"tt2716798","tt2701582","Fugue","1","2","2013","8.6","1747"
"tt2721942","tt1888075","Episode 8","2","8","2013","8.0","738"
"tt27441515","tt2215842","The Kembleston Olimpicks","11","1","2024","7.1","289"
"tt2757538","tt0362357","Cry Me a River","10","5","2013","7.3","235"
"tt2828454","tt0118401","Let Us Prey","16","2","2014","7.2","795"
"tt28451545","tt11981644","Heir to the Throne","3","1","2024","7.6","374"
"tt2846300","tt0118401","Wild Harvest","16","3","2014","7.7","838"
"tt2846302","tt0118401","The Christmas Haunting","16","1","2013","7.5","854"
"tt28497101","tt10720914","Wedding Fever","4","3","2024","7.7","462"
"tt28551591","tt10720914","Jinxy Sings The Blues","4","2","2024","7.5","514"
"tt2858588","tt0118401","The Flying Club","16","4","2014","7.4","757"
"tt2858594","tt0118401","The Killings of Copenhagen","16","5","2014","7.8","928"
"tt29203202","tt11981644","The Perfect Picture","3","2","2024","7.4","321"
"tt29203217","tt11981644","Truth and Justice","3","3","2024","7.8","318"
"tt29203391","tt11981644","A Little Drop of Poison","3","4","2024","7.5","292"
"tt29203406","tt11981644","The Conference","3","5","2024","7.9","297"
"tt29203422","tt11981644","Attachment Issues","3","6","2024","8.3","388"
"tt2999190","tt2701582","Trove","2","1","2014","8.3","1410"
"tt2999204","tt2701582","Nocturne","2","2","2014","8.5","1566"
"tt2999214","tt2701582","Sway","2","3","2014","8.5","1397"
"tt2999220","tt2701582","Neverland","2","4","2014","8.9","1594"
"tt2999224","tt2396135","Dead Water: Part 2","2","4","2014","7.8","744"
"tt2999234","tt2396135","Blue Lightning: Part 2","2","6","2014","7.7","734"
"tt2999248","tt2396135","Blue Lightning: Part 1","2","5","2014","7.7","775"
"tt2999258","tt2396135","Dead Water: Part 1","2","3","2014","7.7","791"
"tt2999312","tt2396135","Raven Black: Part 1","2","1","2014","7.9","938"
"tt2999324","tt2396135","Raven Black: Part 2","2","2","2014","8.1","875"
"tt30093917","tt0118401","The Devil's Work","24","1","2023","7.1","469"
"tt30093918","tt0118401","Book of the Dead","24","2","2023","7.0","417"
"tt30093919","tt0118401","Claws Out","24","3","2023","6.8","374"
"tt30093920","tt0118401","A Climate of Death","24","4","2023","6.7","391"
"tt30094511","tt15499118","Christmas Special","3","0","2023","7.1","178"
"tt30261188","tt2215842","The Forensic Nun","11","2","2024","8.0","299"
"tt30261190","tt2215842","The Hermit of Hazelnut Cottage","11","3","2024","7.6","274"
"tt30261191","tt2215842","The Last Supper","11","4","2024","7.1","253"
"tt30261192","tt2215842","The Father, The Son","11","5","2024","7.9","299"
"tt30261193","tt2215842","The Quill of Osric","11","6","2024","7.2","270"
"tt30261195","tt2215842","The Word of the Condemned","11","7","2024","7.7","243"
"tt30261196","tt2215842","The Last Tango in Kembleford","11","8","2024","7.3","240"
"tt30261200","tt2215842","The Dead of Night","11","9","2024","7.2","242"
"tt30261201","tt2215842","The Scars of War","11","10","2024","7.8","237"
"tt30581801","tt15499118","Jackal","3","3","2024","7.4","153"
"tt30581803","tt15499118","Duel","3","2","2024","7.1","164"
"tt30803092","tt15499118","Ocean","3","1","2024","7.2","163"
"tt30873806","tt15499118","Fashion","3","4","2024","7.4","148"
"tt3098756","tt0362357","The Sins of the Father","10","3","2013","7.9","220"
"tt31005031","tt15499118","Kidnap","3","5","2024","7.3","149"
"tt31070634","tt15499118","Windows","3","6","2024","7.7","152"
"tt3113450","tt0362357","The Little Brother","10","4","2013","8.3","249"
"tt31194579","tt1888075","Episode 2","13","2","2024","7.4","431"
"tt3129066","tt1988386","Murder Most Scandalous","2","1","2013","7.7","473"
"tt31390129","tt1888075","Episode 3","13","3","2024","7.2","407"
"tt3140218","tt1988386","Death Comes Knocking","2","2","2013","7.6","438"
"tt3140220","tt1988386","Dead Man's Chest","2","3","2013","7.7","445"
"tt3140222","tt1988386","Murder Ã  la Mode","2","5","2013","7.8","430"
"tt3140226","tt1988386","Deadweight","2","4","2013","7.4","411"
"tt3140230","tt1988386","Marked for Murder","2","6","2013","7.5","423"
"tt3140236","tt1988386","Blood at the Wheel","2","7","2013","7.8","436"
"tt3140238","tt1988386","The Blood of Juana the Mad","2","8","2013","7.8","440"
"tt3140242","tt1988386","Dead Air","2","11","2013","8.1","418"
"tt3140244","tt1988386","Framed for Murder","2","9","2013","7.6","431"
"tt3140246","tt1988386","Death on the Vine","2","10","2013","7.8","414"
"tt3140248","tt1988386","Unnatural Habits","2","12","2013","8.3","446"
"tt3140250","tt1988386","Murder Under the Mistletoe","2","13","2013","7.9","511"
"tt31435905","tt1888075","Episode 4","13","4","2024","7.2","378"
"tt31435916","tt1888075","Episode 5","13","5","2024","7.5","388"
"tt3144132","tt0362357","Into the Woods","10","6","2013","7.6","216"
"tt31502985","tt11981644","Overboard","4","1","2025","7.9","147"
"tt3164066","tt0362357","Things Can Only Get Better","10","7","2013","7.6","201"
"tt3168246","tt0362357","The One That Got Away","10","8","2013","8.5","269"
"tt31690489","tt1888075","Episode 6","13","6","2024","7.5","386"
"tt31690512","tt1888075","Episode 7","13","7","2024","7.6","364"
"tt31828322","tt1888075","Episode 8","13","8","2024","7.7","427"
"tt3183596","tt0362357","Roots","10","9","2013","7.6","218"
"tt31995554","tt2396135","Episode #9.1","9","1","2024","7.8","463"
"tt3202540","tt0362357","Wild Justice","10","10","2013","7.6","222"
"tt32311060","tt2396135","Episode #10.1","10","1","2025","",""
"tt32318970","tt2396135","Episode #9.2","9","2","2024","7.7","383"
"tt32318997","tt2396135","Episode #9.3","9","3","2024","7.7","347"
"tt32379359","tt2396135","Episode #9.4","9","4","2024","7.5","334"
"tt32379448","tt2396135","Episode #9.5","9","5","2024","7.6","322"
"tt32379594","tt2396135","Episode #9.6","9","6","2024","7.7","355"
"tt32608848","tt11981644","September Gardens","4","2","2025","8.1","117"
"tt32609474","tt11981644","The Inspection","4","3","2025","8.1","107"
"tt32609480","tt11981644","You Can't Kill Me","4","4","2025","8.0","73"
"tt32609489","tt11981644","The Warrior Gene","4","6","2025","8.8","64"
"tt32620681","tt11981644","The Perfect Murder","4","5","2025","8.5","69"
"tt33111769","tt27846061","Episode #1.1","1","1","2024","7.9","1177"
"tt33111805","tt27846061","Episode #1.2","1","2","2024","7.7","989"
"tt33111848","tt27846061","Episode #1.3","1","3","2024","7.7","922"
"tt33132135","tt27846061","Episode #1.4","1","4","2024","7.8","840"
"tt33132137","tt27846061","Episode #1.5","1","5","2024","8.1","845"
"tt33132140","tt27846061","Episode #1.6","1","6","2024","8.5","897"
"tt33301477","tt15499118","Christmas Special","4","1","2024","7.2","96"
"tt3330600","tt0362357","Bermondsey Boy","11","1","2014","7.3","217"
"tt33314956","tt15499118","Antique Antics","4","6","2025","7.2","77"
"tt33314957","tt15499118","Inheritance","4","3","2025","7.3","82"
"tt33314958","tt15499118","Beach Club","4","2","2025","7.1","87"
"tt33314959","tt15499118","Bad Education","4","4","2025","7.5","87"
"tt33314960","tt15499118","The Blueprint","4","5","2025","7.1","75"
"tt33314961","tt15499118","Where Eagles Dare","4","7","2025","7.9","67"
"tt33339320","tt2215842","The Battle of Kembleford","12","1","2025","7.3","221"
"tt3336962","tt0362357","Tender Loving Care","11","2","2014","7.2","198"
"tt3431732","tt2215842","The Ghost in the Machine","2","1","2014","7.7","516"
"tt3431738","tt2215842","The Maddest of All","2","2","2014","7.6","471"
"tt3431742","tt2215842","The Pride of the Prydes","2","3","2014","7.6","502"
"tt3431746","tt2215842","The Shadow of the Scaffold","2","4","2014","7.6","472"
"tt3431748","tt2215842","The Mysteries of the Rosary","2","5","2014","7.6","490"
"tt3445544","tt2215842","The Daughters of Jerusalem","2","6","2014","7.8","488"
"tt3445546","tt2215842","The Three Tools of Death","2","7","2014","7.3","450"
"tt3445550","tt2215842","The Prize of Colonel Gerard","2","8","2014","7.6","459"
"tt3445568","tt2215842","The Grim Reaper","2","9","2014","7.6","444"
"tt3445572","tt2215842","The Laws of Motion","2","10","2014","7.7","451"
"tt3447824","tt1888075","Episode 1","3","1","2014","8.2","971"
"tt3465506","tt1888075","Episode 2","3","2","2014","7.5","732"
"tt3479844","tt1888075","Episode 3","3","3","2014","7.6","689"
"tt34991833","tt2215842","The Kembleston Players","12","2","2025","7.2","205"
"tt34991835","tt2215842","The Horns of Cernunnos","12","3","2025","6.8","221"
"tt34991837","tt2215842","The Invisible Friends","12","4","2025","7.4","192"
"tt34991838","tt2215842","The Cup of Calabria","12","5","2025","7.7","199"
"tt34991840","tt2215842","The Lord of the Dance","12","6","2025","7.2","171"
"tt34991841","tt2215842","The Deserving Poor","12","7","2025","7.1","179"
"tt34991842","tt2215842","The Sisters of Aeschylus","12","8","2025","7.3","159"
"tt34991843","tt2215842","The Puzzle of Banburismus","12","9","2025","7.5","143"
"tt34991844","tt2215842","The Blessing of the Father","12","10","2025","7.9","165"
"tt3502160","tt1888075","Episode 4","3","4","2014","7.6","694"
"tt3519306","tt1888075","Episode 5","3","5","2014","7.6","667"
"tt3540884","tt1888075","Episode 6","3","6","2014","7.4","686"
"tt3540892","tt1888075","Episode 7","3","7","2014","7.6","652"
"tt35629777","tt1888075","Episode 1","15","1","2025","",""
"tt35635146","tt1888075","Episode 2","14","2","2025","7.0","320"
"tt3565270","tt1888075","Episode 8","3","8","2014","7.9","673"
"tt35677206","tt1888075","Episode 3","14","3","2025","7.0","290"
"tt35677207","tt1888075","Episode 4","14","4","2025","7.1","275"
"tt35677209","tt1888075","Episode 5","14","5","2025","6.8","268"
"tt35677211","tt1888075","Episode 6","14","6","2025","7.3","256"
"tt35677213","tt1888075","Episode 7","14","7","2025","8.0","288"
"tt35677214","tt1888075","Episode 8","14","8","2025","7.5","238"
"tt36221434","tt0118401","Episode #25.1","25","1","","",""
"tt36221435","tt0118401","Episode #25.2","25","2","","",""
"tt36221436","tt0118401","Episode #25.3","25","3","","",""
"tt36221437","tt0118401","Episode #25.4","25","4","","",""
"tt3639524","tt0362357","In Vino Veritas","11","7","2014","7.4","175"
"tt3639528","tt0362357","The English Defence","11","8","2014","7.6","180"
"tt3674100","tt2396135","Episode #3.1","3","1","2016","8.2","890"
"tt3680290","tt0118401","The Dagger Club","17","1","2015","7.3","770"
"tt3687320","tt2701582","Ride","3","1","2016","8.0","1480"
"tt3693616","tt1888075","Episode 1","4","1","2015","7.6","726"
"tt3728022","tt0362357","Romans Ruined","11","6","2014","7.3","191"
"tt3730106","tt0362357","The Queen's Speech","11","10","2014","7.6","191"
"tt3782714","tt0118401","The Ballad of Midsomer County","17","3","2015","7.5","845"
"tt3799576","tt0118401","Murder by Magic","17","2","2015","7.3","802"
"tt38046183","tt2396135","Episode #10.4","10","4","","",""
"tt38046186","tt2396135","Episode #10.5","10","5","","",""
"tt38046193","tt2396135","Episode #10.6","10","6","","",""
"tt38127041","tt27846061","Episode #2.1","2","1","","",""
"tt38127045","tt27846061","Episode #2.2","2","2","","",""
"tt38127047","tt27846061","Episode #2.3","2","3","","",""
"tt38127049","tt27846061","Episode #2.4","2","4","","",""
"tt38127051","tt27846061","Episode #2.5","2","5","","",""
"tt38127052","tt27846061","Episode #2.6","2","6","","",""
"tt3844532","tt0362357","Breadcrumbs","11","9","2014","7.5","178"
"tt3909144","tt0118401","A Vintage Murder","17","4","2015","7.8","825"
"tt3982954","tt0362357","Deep Swimming","11","3","2014","7.1","200"
"tt4000794","tt0362357","Ghosts","11","4","2014","7.4","202"
"tt4009348","tt0362357","London Underground","11","5","2014","7.6","212"
"tt4025808","tt2215842","The Man in the Shadows","3","1","2015","7.6","457"
"tt4038840","tt2215842","The Curse of Amenhotep","3","2","2015","7.6","480"
"tt4039540","tt2215842","The Kembleford Boggart","3","7","2015","7.5","431"
"tt4066230","tt0362357","Last Man Standing: Part One","12","1","2015","8.4","230"
"tt4066234","tt0362357","Last Man Standing: Part Two","12","2","2015","8.7","267"
"tt4066236","tt0362357","Prodigal Sons","12","5","2015","7.4","166"
"tt4066238","tt0362357","The Wolf of Wallbrook","12","4","2015","7.4","184"
"tt4066242","tt0362357","The Fame Game","12","6","2015","7.2","166"
"tt4066244","tt0362357","The Russian Cousin","12","7","2015","7.6","164"
"tt4066246","tt0362357","The Curate's Egg","12","3","2015","7.2","187"
"tt4066250","tt0362357","Lottery Curse","12","8","2015","7.5","164"
"tt4066276","tt0362357","Life Expectancy","12","9","2015","7.5","155"
"tt4066278","tt0362357","The Crazy Gang","12","10","2015","7.8","183"
"tt4070410","tt0118401","Habeas Corpus","18","1","2016","7.4","787"
"tt4095380","tt1888075","Episode 6","4","6","2015","7.5","620"
"tt4194586","tt1988386","Death Defying Feats","3","1","2015","7.7","427"
"tt4194588","tt1988386","Murder & the Maiden","3","2","2015","7.6","389"
"tt4194594","tt1988386","Blood & Money","3","4","2015","7.6","375"
"tt4194596","tt1988386","Murder & Mozzarella","3","3","2015","7.6","409"
"tt4194598","tt1988386","Death & Hysteria","3","5","2015","7.8","393"
"tt4194600","tt1988386","Death at the Grand","3","6","2015","7.6","370"
"tt4194602","tt1988386","Game, Set & Murder","3","7","2015","7.7","371"
"tt4194606","tt1988386","Death Do Us Part","3","8","2015","8.3","425"
"tt4304606","tt2215842","The Invisible Man","3","3","2015","7.2","463"
"tt4304608","tt2215842","The Sign of the Broken Sword","3","4","2015","7.5","437"
"tt4312146","tt2215842","The Last Man","3","5","2015","8.0","487"
"tt4312150","tt2215842","The Upcott Fraternity","3","6","2015","7.7","445"
"tt4312156","tt2215842","The Lair of the Libertines","3","8","2015","6.9","518"
"tt4312158","tt2215842","The Truth in the Wine","3","9","2015","7.8","449"
"tt4312170","tt2215842","The Judgement of Man","3","10","2015","7.9","443"
"tt4328098","tt2215842","The Time Machine","3","11","2015","7.7","412"
"tt4328100","tt2215842","The Standing Stones","3","12","2015","7.1","404"
"tt4328104","tt2215842","The Paradise of Thieves","3","13","2015","7.7","386"
"tt4328108","tt2215842","The Deadly Seal","3","14","2015","7.6","405"
"tt4328110","tt2215842","The Owl of Minerva","3","15","2015","8.4","487"
"tt4330906","tt1888075","Episode 2","4","2","2015","7.5","661"
"tt4350268","tt1888075","Episode 3","4","3","2015","7.3","647"
"tt4372892","tt1888075","Episode 4","4","4","2015","7.8","663"
"tt4386902","tt1888075","Episode 5","4","5","2015","7.3","639"
"tt4440278","tt1888075","Episode 7","4","7","2015","7.4","624"
"tt4458326","tt1888075","Episode 8","4","8","2015","8.0","641"
"tt4535824","tt1888075","Episode 1","5","1","2016","7.5","689"
"tt4712990","tt0118401","The Incident at Cooper Hill","18","2","2016","7.2","765"
"tt4772208","tt0118401","Breaking the Chain","18","3","2016","6.7","751"
"tt4790374","tt0118401","A Dying Art","18","4","2016","7.3","734"
"tt4790376","tt0118401","Saints and Sinners","18","5","2016","7.2","719"
"tt4790380","tt0118401","Harvest of Souls","18","6","2016","7.4","668"
"tt4809030","tt2701582","Arcadia","3","2","2016","8.1","1260"
"tt4839466","tt2701582","Coda","3","4","2016","8.8","1402"
"tt4839470","tt2701582","Prey","3","3","2016","8.0","1333"
"tt4860336","tt2215842","The Mask of the Demon","4","1","2016","7.6","481"
"tt4876930","tt2396135","Episode #3.6","3","6","2016","8.5","797"
"tt4880426","tt2396135","Episode #3.2","3","2","2016","8.2","781"
"tt4880428","tt2396135","Episode #3.3","3","3","2016","8.2","767"
"tt4885302","tt2396135","Episode #3.4","3","4","2016","8.3","734"
"tt4885306","tt2396135","Episode #3.5","3","5","2016","8.6","799"
"tt4901402","tt2215842","The Brewer's Daughter","4","2","2016","7.7","435"
"tt5002648","tt1888075","Episode 5","5","5","2016","7.7","634"
"tt5002680","tt1888075","Episode 6","5","6","2016","7.5","618"
"tt5207196","tt1888075","Episode 3","5","3","2016","7.4","617"
"tt5207202","tt1888075","Episode 8","5","8","2016","7.7","641"
"tt5214850","tt1888075","Episode 2","5","2","2016","7.5","636"
"tt5280000","tt2215842","The Hangman's Demise","4","3","2016","7.7","420"
"tt5280016","tt2215842","The Crackpot of the Empire","4","4","2016","7.6","437"
"tt5280036","tt2215842","The Daughter of Autolycus","4","5","2016","8.0","455"
"tt5303444","tt2215842","The Missing Man","4","7","2016","7.1","433"
"tt5303452","tt2215842","The Resurrectionists","4","8","2016","7.5","406"
"tt5304064","tt2215842","The Rod of Asclepius","4","6","2016","7.8","434"
"tt5304080","tt2215842","The Sins of the Father","4","9","2016","7.3","382"
"tt5304088","tt2215842","The Wrath of Baron Samdi","4","10","2016","7.3","418"
"tt5353496","tt1888075","Episode 4","5","4","2016","7.9","668"
"tt5433634","tt2701582","Game","4","1","2017","8.2","1245"
"tt5447876","tt1888075","Episode 7","5","7","2016","7.4","603"
"tt5477562","tt0118401","The Village That Rose from the Dead","19","1","2016","7.5","843"
"tt5511092","tt1888075","Episode 1","6","1","2017","7.5","645"
"tt5540012","tt0118401","Crime and Punishment","19","2","2017","7.4","746"
"tt5554750","tt2215842","The Star of Jacob","5","1","2016","8.3","579"
"tt5555612","tt0118401","Last Man Out","19","3","2017","7.7","870"
"tt5634366","tt2215842","The Eve of St John","5","3","2017","7.3","465"
"tt5692624","tt0118401","Red in Tooth & Claw","19","4","2017","7.2","735"
"tt5714714","tt0118401","Death by Persuasion","19","5","2017","7.1","781"
"tt5714716","tt0118401","The Curse of the Ninth","19","6","2017","7.3","686"
"tt5765474","tt2701582","Canticle","4","2","2017","7.8","1211"
"tt5779330","tt2215842","The Chedworth Cyclone","5","4","2017","7.2","409"
"tt5851530","tt2701582","Lazaretto","4","3","2017","8.0","1089"
"tt5851534","tt2701582","Harvest","4","4","2017","8.4","1169"
"tt5945438","tt1888075","Episode 7","6","7","2017","7.7","607"
"tt5945448","tt1888075","Episode 8","6","8","2017","7.7","566"
"tt5951562","tt2215842","The Labyrinth of the Minotaur","5","2","2017","8.2","560"
"tt6010356","tt2215842","The Hand of Lucia","5","5","2017","6.7","491"
"tt6038452","tt2396135","Episode #4.1","4","1","2018","8.1","839"
"tt6185392","tt2215842","The Eagle and The Daw","5","6","2017","7.8","423"
"tt6185398","tt2215842","The Smallest of Things","5","7","2017","8.0","464"
"tt6185400","tt2215842","The Lepidopterist's Companion","5","9","2017","7.7","402"
"tt6185404","tt2215842","The Crimson Feather","5","8","2017","7.6","416"
"tt6185414","tt2215842","The Alchemist's Secret","5","10","2017","7.8","406"
"tt6258678","tt2215842","The Sins of Others","5","11","2017","8.3","474"
"tt6258680","tt2215842","The Theatre of the Invisible","5","12","2017","7.6","422"
"tt6258682","tt2215842","The Fire in the Sky","5","14","2017","7.3","357"
"tt6258684","tt2215842","The Tanganyika Green","5","13","2017","7.3","373"
"tt6258688","tt2215842","The Penitent Man","5","15","2017","8.2","427"
"tt6375836","tt1888075","Episode 2","6","2","2017","7.5","603"
"tt6382364","tt1888075","Episode 3","6","3","2017","7.6","627"
"tt6390228","tt1888075","Episode 4","6","4","2017","7.4","575"
"tt6424844","tt1888075","Episode 5","6","5","2017","7.9","632"
"tt6434736","tt1888075","Episode 6","6","6","2017","8.2","655"
"tt6485338","tt2701582","Muse","5","1","2018","8.2","1314"
"tt6531716","tt2396135","Episode #4.2","4","2","2018","8.1","697"
"tt6579946","tt2396135","Episode #4.3","4","3","2018","8.0","689"
"tt6751692","tt0118401","The Ghost of Causton Abbey","20","1","2018","7.2","833"
"tt6753464","tt2701582","Cartouche","5","2","2018","7.9","1194"
"tt6753468","tt2701582","Passenger","5","3","2018","8.4","1144"
"tt6753470","tt2701582","Colours","5","4","2018","8.1","1137"
"tt6763270","tt2701582","Quartet","5","5","2018","8.4","1167"
"tt6763274","tt2701582","Icarus","5","6","2018","8.8","1261"
"tt6914760","tt2396135","Episode #4.4","4","4","2018","8.0","700"
"tt6914762","tt2396135","Episode #4.5","4","5","2018","8.4","684"
"tt6914764","tt2396135","Episode #4.6","4","6","2018","8.7","881"
"tt6948340","tt1888075","Episode 1","7","1","2018","7.6","689"
"tt7230926","tt1888075","Episode 2","7","2","2018","7.5","611"
"tt7230930","tt1888075","Episode 3","7","3","2018","7.4","590"
"tt7230932","tt1888075","Episode 4","7","4","2018","7.2","562"
"tt7230934","tt1888075","Episode 5","7","5","2018","7.5","567"
"tt7230936","tt1888075","Episode 6","7","6","2018","7.4","546"
"tt7230938","tt1888075","Episode 7","7","7","2018","7.5","545"
"tt7230942","tt1888075","Episode 8","7","8","2018","7.5","536"
"tt7280746","tt0118401","Death of the Small Coppers","20","2","2018","7.3","812"
"tt7280772","tt0118401","Drawing Dead","20","3","2018","7.3","760"
"tt7280774","tt0118401","The Lions of Causton","20","4","2018","7.2","739"
"tt7318522","tt0118401","Till Death Do Us Part","20","5","2018","7.4","708"
"tt7324860","tt0118401","Send in the Clowns","20","6","2018","6.9","644"
"tt7605606","tt2215842","The Kembleford Dragon","6","3","2018","7.7","410"
"tt7631372","tt7526498","O Brave New World","1","1","2018","7.4","506"
"tt7631718","tt7526498","The Chimes at Midnight","1","2","2018","7.5","478"
"tt7631720","tt7526498","This Promised End","1","3","2018","7.4","458"
"tt7631914","tt7526498","This Rough Magic","1","4","2018","7.5","406"
"tt7631918","tt7526498","Toil and Trouble","1","5","2018","7.3","388"
"tt7631920","tt7526498","Exit, Pursued by a Bear","1","6","2018","7.2","370"
"tt7631922","tt7526498","The Fairest Show Means Most Deceit","1","7","2018","7.7","387"
"tt7651650","tt2215842","The Tree of Truth","6","1","2017","8.2","483"
"tt7653964","tt2215842","The Jackdaw's Revenge","6","2","2018","7.8","436"
"tt7665614","tt7526498","The Chameleon's Dish","1","8","2018","7.4","360"
"tt7693536","tt2215842","The Angel of Mercy","6","4","2018","7.5","403"
"tt7693540","tt2215842","The Face of the Enemy","6","5","2018","8.1","439"
"tt7693544","tt2215842","The Devil You Know","6","6","2018","8.0","414"
"tt7693546","tt2215842","The Dance of Death","6","7","2018","7.2","399"
"tt7693554","tt2215842","The Cat of Mastigatus","6","8","2018","7.5","364"
"tt7693556","tt2215842","The Flower of the Fairway","6","9","2018","7.3","390"
"tt7693564","tt2215842","The Two Deaths of Hercule Flambeau","6","10","2018","8.2","411"
"tt7693570","tt7526498","The Rascal Cook","1","9","2018","7.4","354"
"tt7693572","tt7526498","Ill Met by Moonlight","1","10","2018","7.7","367"
"tt7956184","tt1888075","Episode 1","8","1","2019","7.6","636"
"tt8146802","tt2701582","Pylon","6","1","2019","8.5","1358"
"tt8253346","tt7526498","Outrageous Fortune","2","1","2019","7.5","388"
"tt8700002","tt2701582","Apollo","6","2","2019","7.9","1205"
"tt8700016","tt2701582","Confection","6","3","2019","8.1","1171"
"tt8700024","tt2701582","DegÃ¼ello","6","4","2019","9.2","1738"
"tt9168236","tt7526498","The Play's the Thing","2","2","2019","7.2","361"
"tt9168240","tt7526498","This Cursed Hand","2","3","2019","7.2","352"
"tt9168244","tt7526498","Beware the Ides of March","2","4","2019","7.1","338"
"tt9168246","tt7526498","No More Cakes and Ale","2","5","2019","7.5","329"
"tt9168248","tt7526498","The Offered Fallacy","2","6","2019","7.6","340"
"tt9474846","tt2215842","The Great Train Robbery","7","1","2019","8.1","513"
"tt9474850","tt2215842","The Passing Bell","7","2","2019","7.3","437"
"tt9474852","tt2215842","The Whistle in the Dark","7","3","2019","7.5","416"
"tt9474858","tt2215842","The Demise of the Debutante","7","4","2019","7.1","436"
"tt9474864","tt2215842","The Darkest Noon","7","5","2019","7.7","404"
"tt9508808","tt1888075","Episode 2","8","2","2019","7.2","618"
"tt9508820","tt1888075","Episode 3","8","3","2019","7.3","571"
"tt9508838","tt1888075","Episode 4","8","4","2019","7.5","581"
"tt9510362","tt1888075","Episode 5","8","5","2019","8.0","628"
"tt9510366","tt1888075","Episode 6","8","6","2019","8.0","632"
"tt9510368","tt1888075","Episode 7","8","7","2019","7.5","575"
"tt9510372","tt1888075","Episode 8","8","8","2019","7.8","562"
"tt9553100","tt2215842","The Sacrifice of Tantalus","7","6","2019","8.2","423"
"tt9553102","tt2215842","The House of God","7","7","2019","7.3","372"
"tt9553110","tt2215842","The Blood of the Anarchists","7","8","2019","6.8","395"
"tt9600604","tt2215842","The Skylark Scandal","7","9","2019","7.2","354"
"tt9600668","tt2215842","The Honourable Thief","7","10","2019","8.3","410"
"tt9772468","tt2396135","Episode #5.1","5","1","2019","7.9","768"
"tt9784100","tt2396135","Episode #5.4","5","4","2019","7.8","617"
"tt9788198","tt2396135","Episode #5.5","5","5","2019","7.8","608"
"tt9788224","tt2396135","Episode #5.6","5","6","2019","8.1","656"
"tt9816612","tt2396135","Episode #5.2","5","2","2019","7.8","642"
"tt9816994","tt7526498","Nothing Will Come of Nothing","2","7","2019","7.1","328"
"tt9817092","tt7526498","In My Memory Lock'd","2","8","2019","7.7","307"
"tt9823936","tt2396135","Episode #5.3","5","3","2019","7.8","624"
"tt9839640","tt7526498","The Envious Court","2","9","2019","7.7","292"
"tt9839644","tt7526498","Too Cold for Hell","2","10","2019","8.0","335"
"tt9861392","tt1888075","Episode 1","9","1","2020","7.3","614"
"tt9861394","tt1888075","Episode 1","10","1","2021","7.3","607"
"tt9878010","tt2701582","Oracle","7","1","2020","8.0","1245"
"tt3476_00_09","tt0092379","The Last Morse","0","9","","",""
"tt764_00_01","tt0118401","Midsomer Murders 20th Anniversary Special","0","1","2019","",""
"tt13335_00_01","tt0362357","Pilot","0","1","2003","",""
"tt13335_00_02","tt0362357","Season 6: Features, Behind The Scenes","0","2","","",""
"tt13335_00_03","tt0362357","Outtakes","0","3","","",""
"tt13335_00_04","tt0362357","Season 7: Behind the Scenes Where There's Smoke","0","4","","",""
"tt13335_00_05","tt0362357","Season 8: Features, Behind The Scenes","0","5","","",""
"tt13335_00_06","tt0362357","Season 9: Episode 10 'The Day of the Stunt'","0","6","","",""
"tt13335_00_07","tt0362357","Season 9: New Cop on the Block","0","7","","",""
"tt13335_00_08","tt0362357","Season 10: Behind the Scenes","0","8","","",""
"tt13335_00_09","tt0362357","Season 10: New Tricks in Gibraltar","0","9","","",""
"tt13335_00_10","tt0362357","Season 11: New Team","0","10","","",""
"tt13335_00_11","tt0362357","Season 12: Top Ten Moments","0","11","","",""
"tt13335_00_12","tt0362357","Season 3: Behind the Scenes","0","12","","",""
"tt13335_00_13","tt0362357","Season 5: Behind the Scenes","0","13","","",""
"tt16835_01_01","tt0820430","Arrival","1","1","1977","",""
"tt16835_01_02","tt0820430","Hiccups","1","2","1977","",""
"tt16835_01_03","tt0820430","Hooter","1","3","1977","",""
"tt16835_01_04","tt0820430","Glue","1","4","1977","",""
"tt16835_01_05","tt0820430","Kites","1","5","1977","",""
"tt16835_01_06","tt0820430","Tennis","1","6","1977","",""
"tt16835_01_07","tt0820430","Sculptor","1","7","1977","",""
"tt16835_01_08","tt0820430","Skating","1","8","1977","",""
"tt16835_01_09","tt0820430","Umbrellas","1","9","1977","",""
"tt16835_01_10","tt0820430","Swing","1","10","1977","",""
"tt16835_01_11","tt0820430","Bubbles","1","11","1977","",""
"tt16835_01_12","tt0820430","Clock","1","12","1977","",""
"tt16835_01_13","tt0820430","Ball","1","13","1977","",""
"tt16835_01_14","tt0820430","Coin","1","14","1977","",""
"tt16835_01_15","tt0820430","Yo-Yo","1","15","1977","",""
"tt16835_01_16","tt0820430","Photographer","1","16","1977","",""
"tt16835_01_17","tt0820430","Christmas","1","17","1977","",""
"tt16835_01_18","tt0820430","Architect","1","18","1977","",""
"tt16835_01_19","tt0820430","Balloons","1","19","1977","",""
"tt16835_01_20","tt0820430","High Jump","1","20","1977","",""
"tt16835_01_21","tt0820430","Magician","1","21","1977","",""
"tt16835_01_22","tt0820430","Artist","1","22","1977","",""
"tt16835_01_23","tt0820430","Home Movie","1","23","1977","",""
"tt16835_01_24","tt0820430","Nuts","1","24","1977","",""
"tt16835_01_25","tt0820430","TV","1","25","1977","",""
"tt99962_04_01","tt10720914","The Rule of Three","4","1","2024","8.2","4"
"tt99962_04_02","tt10720914","Jinxy Sings The Blues","4","2","2024","8.2","4"
"tt99962_04_03","tt10720914","Wedding Fever","4","3","2024","8.2","4"
"tt136275_03_01","tt15499118","Christmas Special","3","1","2023","",""
"tt136275_03_02","tt15499118","Ocean","3","2","2024","6.0","1"
"tt136275_03_03","tt15499118","Duel","3","3","2024","6.0","1"
"tt136275_03_04","tt15499118","Jackal","3","4","2024","8.0","1"
"tt136275_03_05","tt15499118","Fashion","3","5","2024","6.0","1"
"tt136275_03_06","tt15499118","Kidnap","3","6","2024","8.0","1"
"tt136275_03_07","tt15499118","Windows","3","7","2024","6.0","1"
"tt136275_04_01","tt15499118","Christmas Special","4","1","2024","5.0","1"
"tt136275_04_02","tt15499118","Beach Club","4","2","2025","7.0","1"
"tt136275_04_03","tt15499118","Inheritance","4","3","2025","1.0","1"
"tt136275_04_04","tt15499118","Bad Education","4","4","2025","1.0","1"
"tt136275_04_05","tt15499118","The Blueprint","4","5","2025","5.0","1"
"tt136275_04_06","tt15499118","Antique Antics","4","6","2025","6.0","1"
"tt136275_04_07","tt15499118","Where Eagles Dare","4","7","2025","7.0","1"
"tt41956_00_01","tt1888075","Christmas Special","0","1","2021","9.0","2"
"tt41956_00_02","tt1888075","Christmas Special 2022: The Death Ghost","0","2","2022","9.0","1"
"tt41956_00_04","tt1888075","Remember... Death in Paradise","0","4","2024","",""
"tt46923_00_01","tt2396135","Alison OâDonnell Remembersâ¦ Shetland","0","1","2024","",""
"tt46923_10_01","tt2396135","Episode 1","10","1","2025","",""
"tt44264_00_02","tt2701582","Endeavour: The Evolution","0","2","2021","",""
"tt44264_00_03","tt2701582","Morse and the Last Endeavour","0","3","2023","",""
"tt243360_02_01","tt27846061","Episode 1","2","1","","",""
"tt243360_02_02","tt27846061","Episode 2","2","2","","",""
"tt243360_02_03","tt27846061","Episode 3","2","3","","",""
"tt243360_02_04","tt27846061","Episode 4","2","4","","",""
"tt243360_02_05","tt27846061","Episode 5","2","5","","",""
"tt243360_02_06","tt27846061","Episode 6","2","6","","",""
"tt77493_05_01","tt7526498","Such a Mad Marriage Never Was Before","5","1","2025","",""
"tt77493_05_02","tt7526498","The Heavenly Harness'd Team","5","2","2025","",""
"tt77493_05_03","tt7526498","Destruction, Blood and Massacre","5","3","2025","",""
"tt77493_05_04","tt7526498","A Dark House","5","4","2025","",""
"tt77493_05_05","tt7526498","The Endeavour of This Present Breath","5","5","2025","",""
"tt77493_05_06","tt7526498","As I Have Seen a Swan","5","6","2025","",""
"tt77493_05_07","tt7526498","An Honest Fellow","5","7","2025","",""
"tt77493_05_08","tt7526498","Be Not Afraid of Greatness","5","8","2025","",""
"tt77493_05_09","tt7526498","Daggers of the Mind","5","9","2025","",""
"tt77493_05_10","tt7526498","Such Sweet Sorrow","5","10","2025","",""